id,address_display,apn,owner,net_units,new_units,old_units,year,permits,description,status,latitude,longitude,num_permits,project_size_category,slug
1,1750 SACRAMENTO St,058 214901904,,739.0,739.0,0.0,2024.0,PLN2024-0010,"AB 2011 Ministerial Application. The proposed project is a transit-oriented in-fill development of 13 mixed-use and multi-family residential buildings totaling approximately 769,300 SF and one wrap garage structure with approximately 296 parking spaces in parking lots surrounding the North Berkeley BART Station. Buildings range in height from 3 to 8 stories and consist of 739 units with over 50% of the homes at affordable rent levels. The project includes improvements to the Ohlone Greenway and over 6,000 SF of community-serving ground floor uses as well as street and public realm upgrades, and over 48,000 SF of publicly accessible open space.",Under Review,37.87431211415104,-122.2829585340012,1,Mega (100+),1750-sacramento-st
2,2276 SHATTUCK Ave,057 202800400,,336.0,336.0,0.0,2024.0,ZP2024-0067,"SB330 Preliminary Application: Retaining of the existing east and south facades of the existing morse block building; Reduction of existing 32,350 square feet of commercial space to 7,486 square feet; and addition of 105,237 square feet of multi-family residential space. Through utilizing a 50 percent density bonus, 28 density bonus maximum units will be included and 15 percent of the base project units (56 units) are dedicated to nine Very Low-Income households.",In Review,37.86773770249066,-122.26824034145176,1,Mega (100+),2276-shattuck-ave
3,2700 SHATTUCK Ave,054 172300100,,276.0,276.0,0.0,2024.0,ZP2024-0058,SB330 project to demolish an existing commercial structure and construct a eight-story mixed-use housing development with 276 dwelling units.,Corrections Pending Applicant,37.85978024166641,-122.26782803899088,1,Mega (100+),2700-shattuck-ave
4,1914 FIFTH St,057 210000702,,257.0,257.0,0.0,2020.0,ZP2020-0104,"demolish an existing parking lot and portions of an existing commercial building and construct a new seven-story mixed-use building with 5,500 square feet of commercial area and 257 dwelling units, including 26 Very Low-Income Units, pursuant to State Density Bonus law.",Under Review,37.86823001458789,-122.29929592368056,1,Mega (100+),1914-fifth-st
5,2425 DURANT Ave,055 187800701,,250.0,250.0,19.0,2024.0,"ZP2024-0162, PLN2024-0049","SB-330 PROJECT - Demolition of all existing buildings on site to construct a 20-story residential building with a total floor area of approximately 145,000 square feet. The building height will be 200-ft with zero vehicle parking spaces. The State Density Bonus Project will have 13 affordable housing units designated for VLI households and 13 for moderate-income households. All 19 existing dwelling units, when replaced, will be below-market-rate rentals.",Pending Final Action,37.8679506825664,-122.2601418162647,2,Mega (100+),2425-durant-ave
6,2029 UNIVERSITY Ave,057 205300801,,240.0,240.0,0.0,2024.0,"ZP2024-0181, ZP2024-0182, PLN2024-0069, PLN2024-0070","The project is the construction of a new 23-story (256'-0""), 240-unit housing development with 190,878_sf of new residential use and parking garage for up to 29 spaces. The project includes removal of existing non-landmarked 2-story commercial structure and surface parking. 15% (18 units) of the base project's units will be affordable to very-low-income households, and 15% (18 units) will be affordable to moderate income households, making the project eligible for a 100% density bonus, waivers, and up to 4 concessions as a State Density Bonus Law development per California Government Code § 65915.",Pending Final Action,37.87226180309335,-122.26983809759253,4,Mega (100+),2029-university-ave
7,2601 SAN PABLO Ave,054 178501700,,223.0,223.0,0.0,2022.0,ZP2022-0171,"Demolish existing development (includes vacant residential) to construct an 8-story mixed-use building 223 dwelling units over a 1,940 commercial space, utilizing density bonus.",In Review,37.859267643513995,-122.2886634855373,1,Mega (100+),2601-san-pablo-ave
8,2920 SHATTUCK Ave,053 159000501,,221.0,221.0,0.0,2022.0,ZP2022-0116,"Demolish two commercial buildings and construct a 10-story mixed-use residential building with 221 dwelling units, ground-floor retail, and nine uncovered parking spaces utilizing State Density Bonus.",In Review,37.856347300047105,-122.26693200991916,1,Mega (100+),2920-shattuck-ave
9,1899 OXFORD St,058 218101905,,212.0,220.0,8.0,2024.0,ZP2024-0075,"SB-330 Project -  Use Permit to demolish a two-story multifamily building (8 units), merge two lots, and construct a 7-story, (78 feet, 9 inches in maximum height) mixed-use building with 94,140 residential floor area, 3,873 commercial floor area, 15 off-street parking spaces, and 80 bicycle parking spaces. The project would utilize a 96.3 percent density bonus and provide 17 very-low-income units and 16 middle-income units.",Pending Final Action,37.87449601168048,-122.26605902083782,1,Mega (100+),1899-oxford-st
10,3000 SHATTUCK Ave,053 159200100,,166.0,166.0,0.0,2022.0,ZP2022-0046,"Demolish the existing gas station, and construct a 10-story (114 feet) mixed-use building utilizing a Density Bonus, with 166 dwellings, including 17 Very Low-Income units, and 1,043 square-feet of commercial space.",In Review,37.855008098375635,-122.2667720415266,1,Mega (100+),3000-shattuck-ave
11,1581 UNIVERSITY Ave,057 207100601,,158.0,158.0,0.0,2024.0,ZP2024-0074,"SB-330 Project - Demolition of 2 existing non-landmarked mixed-use structures and surface parking to 
construct a new 88'6"", 7-story, 158-unit mixed-use housing development with 96,256 sq ft of new residential space, 1788 sq ft of commercial space, and 32 parking spaces. 

14 units (15%) of base project units are VLI; 9 units (10%) are moderate-income households; project entitled to 82.5% density bonus, waviers, and up to 4 concessions under the State Density Bonus Law.",Corrections Pending Applicant,37.870882755452506,-122.28064826022822,1,Mega (100+),1581-university-ave
12,2115 KITTREDGE St,057 203000900,,148.0,148.0,0.0,2024.0,ZP2024-0131,Construction of a twenty-three-story building with a live performance theater and 148 dwelling units that will retain the original primary south facade of the building.  The density bonus project includes 24 affordable units (12 VLI + 12 MI units) with residential amenity space and usable open space.,Incomplete Pending Applicant,37.868856897471,-122.26718328846704,1,Mega (100+),2115-kittredge-st
13,2420 SHATTUCK Ave,055 189600300,,132.0,132.0,0.0,2022.0,ZP2022-0149,Demolish two non-residential buildings and construct a 17-story mixed-use residential building with ground-floor commercial and 132 dwelling units utilizing State Density Bonus.,In Review,37.86528832390181,-122.26798878801938,1,Mega (100+),2420-shattuck-ave
14,2847 SHATTUCK Ave,053 168602000,,132.0,136.0,4.0,2024.0,"ZP2022-0132, ZP2024-0077","SB-330 Project - Demolition of existing non-landmarked mixed-use structure and surface parking to construct a new 9-story, 102'0"" in height, 136-unit mixed-use housing development with 55,849 sq ft of residential space and 2,503 sq ft commercial space.

14% of the base project's units will be VLI income households; Entitled to 46.25% density bonus, waivers, and up to 3 concessions  under the State Density Bonus Law.",In Review,37.85697777002751,-122.26638589710848,2,Mega (100+),2847-shattuck-ave
15,2109 VIRGINIA St,058 217801800,,131.0,131.0,0.0,2024.0,ZP2024-0066,"Demolition of existing non-landmarked 2-story commercial structure and surface parking. Construction of a new 8-story(88'-4"" tall), 131-unit mixed-use housing development with 107,935sf of new residential use, parking garage for up to 103 spots, and 1,200 sf new commercial space.  15% (11 units) of the base project's units will be affordable to very-low-income households, and 13% (9 units) will be Moderate Income households, entitling it to 92.5% density bonus, waivers, and up to 4 concessions under the state density bonus law.",Appealed,37.87677757653766,-122.26852368805868,1,Mega (100+),2109-virginia-st
16,2720 SAN PABLO Ave,054 174400700,,113.0,117.0,4.0,2024.0,"ZP2023-0058, ZP2024-0076","SB-330 Project - Demolition of existing non-landmarked mixed-use structure and surface parking for the construction of a new eight-story, 88'10"" in height, 117-unit mixed-use housing development with 49,465 sf of new residential space and 1,244 sf commercial space.  

10 units (15%) of the base project will be VLI household; 6 units (9%) will be moderate income household.
Entitled to 80% density bonus, waivers, and up to 4 concessions under the State Density Bonus Law.",In Review,37.85731033724472,-122.2886908095933,2,Mega (100+),2720-san-pablo-ave
17,2109 MILVIA St,057 202301601,,105.0,105.0,0.0,2023.0,ZP2023-0099,"SB-330 Project: Removal of existing parking lot to construct a new 14-story mixed-use building with 105 dwelling, ground level lobbies and commercial space.  This is a State of California Density Bonus Project.",In Review,37.870579505333055,-122.27034111282912,1,Mega (100+),2109-milvia-st
18,2655 SHATTUCK Ave,055 182601802,,97.0,97.0,0.0,2024.0,ZP2024-0057,"Demolish an existing 1-story commercial building to construct an 85-foot tall, 83,479 square foot, 8-story Mixed Use residential/commercial building.  Total of 97 units, with 10 VLI. 41 on-site automobile parking spaces and 48 on-site bicycle parking spaces.",Pending Final Action,37.86069065352949,-122.26644102671744,1,Very Large (51-100),2655-shattuck-ave
19,2450 SHATTUCK Ave,055 189700600,,94.0,94.0,0.0,2024.0,ZP2024-0047,"SB-330 Mixed-Use Housing Development Project for the construction of an eight story building with 94 residential units, 2,438-sqft of retail space; 4,653-sqft of residential amenities and lobbies. Amenity roof terrace provided on top level. A total of 134,115-sqft.",Corrections Pending Applicant,37.864568726306736,-122.26795078029971,1,Very Large (51-100),2450-shattuck-ave
20,2036 BANCROFT Way,055 189401704,,85.0,87.0,2.0,2024.0,ZP2024-0079,"SB-330 Project - Demolition of two existing landmarked buildings and a partial landmarked commercial office building to construct an 85', 8-story, multi-family building.  Residential project will have 87 units including 4 VLI units, 19 vehicle parking spaces and 63 bicycle parking spaces.",In Review,37.86723084716148,-122.2685166605382,1,Very Large (51-100),2036-bancroft-way
21,2660 BANCROFT Way,55-1871-20,,78.0,78.0,0.0,2023.0,ZP2023-0095,"Construction of an 8-story residential development with 78 studio units in a 32,632 SF building.  This project will include 8 affordable units for VLI households. Does not have vehicle parking, only bicycle parking is provided with residential amenities and useable open space.  This is a State Density Bonus project.",Incomplete Pending Applicant,37.868939,-122.255291,1,Very Large (51-100),2660-bancroft-way
22,2955 SHATTUCK Ave,053 158901801,,74.0,74.0,0.0,2024.0,ZP2024-0071,"State Density Bonus Project to merge two lots and demolish (2) existing 2-story commercial structures and (1) existing 1-story commercial structure. The proposed project is an 8-story, 75-feet, 80,682-sqft mixed-use building with 74 dwelling units, ground level retail space, and a ground level parking garage with 24 parking spaces. This will include 4 affordable units.",Corrections Pending Applicant,37.85577704614729,-122.26623093862028,1,Very Large (51-100),2955-shattuck-ave
23,2326 DURANT Ave,055 188401600,,70.0,70.0,0.0,2024.0,PLN2024-0023,"Pre App requesting feedback on a project proposing a six-story, 70 unit development consisting of 100% affordable housing to low income households (80% AMI). Applicant would like to discuss the project description, applicable zoning requirements, and the use of state density bonus with associated waivers and incentives/concessions, applicability of state streamlined housing laws to entitle the project, and discuss the associated processes.",Pending,37.86708906005523,-122.26226004280632,1,Very Large (51-100),2326-durant-ave
24,2330 DURANT Ave,055 188401700,,68.0,68.0,,2025.0,"PLN2025-0038, PLN2025-0053, PLN2025-0100","Removal of all of existing structures and new construction of a 100% affordable 65,585 sq. ft. 6-story housing development with 68 dwelling units using a state of California Density Bonus (per SB 330 provisions) and no parking.",Under Review,37.86711180220465,-122.26208128704796,3,Very Large (51-100),2330-durant-ave
25,2455 TELEGRAPH Ave,055 187502900,,68.0,68.0,0.0,2025.0,PLN2025-0066,"SB 330 preliminary application to retain historic mural and front facade of the non-residential building at 2455 Telegraph Ave, while demolishing the rest of the building and the existing non-residential building at 2506 Haste St to construct a 93,000 8-story mixed used building, including a ground floor retail space and 68 units (including 7 Very Low-Income units)",Under Review,37.86586841351819,-122.25828811123488,1,Very Large (51-100),2455-telegraph-ave
26,2298 DURANT Ave,055 188700100,,65.0,65.0,0.0,2024.0,ZP2024-0126,"The proposed project entails the demolition of all existing buildings, merger of two lots, and
construction of a new, 8-Story, 79,522sf, 91'-6"" tall building with 65 total units, 5 of which will be
offered at Very Low Income rates. Density bonus.",Pending Final Action,37.86694967603458,-122.26376833393134,1,Very Large (51-100),2298-durant-ave
27,2441 LE CONTE Ave,058 219300600,,65.0,65.0,0.0,2023.0,ZP2023-0089,"Change the use from educational/religious facility to a residential hotel with 65 group living accommodations (7 Very-Low Income Units), and construct a five-story (48 feet average height) major residential addition for a total of 24,300 square feet gross floor feet, utilizing State Density Bonus",Incomplete Pending Applicant,37.8770218450383,-122.26186635613308,1,Very Large (51-100),2441-le-conte-ave
28,2372 ELLSWORTH St,055 188700300,,63.0,63.0,0.0,2024.0,PLN2024-0054,"SB-330 Project: Demolition of existing building to construct a seven-story, 49,900-square-foot residential building. A total of 63 units comprised of studios, two, three, and four bedrooms.",Under Review,37.86654982460947,-122.26364792015735,1,Very Large (51-100),2372-ellsworth-st
29,2138 KITTREDGE St,057 202901500,,63.0,66.0,3.0,2024.0,PLN2024-0011,"SB 330 Pre-Application to demolish an existing 3-unit residential building and construct an 8 story 42,951 square-foot residential building; Density Bonus Project with 66 units total, 5 VLI units",Under Review,37.86834064720663,-122.26699773246196,1,Very Large (51-100),2138-kittredge-st
30,2001 CENTER St,057 202301300,,58.0,58.0,0.0,2025.0,"ZP2025-0107, PLN2025-0039","To convert the existing 7-story,  ~35,904 sq.ft. office building in Berkeley, converting Levels 2–7 into ~58 residential units and keeping ground-floor retail. The mechanical penthouse (86'-4"") will become a roof garden, with height unchanged at 100'-0"". Includes interior demolition only, 10% very-low-income units (~6), and no on-site parking per AB-2097.",Incomplete Pending Applicant,37.87021091021583,-122.27030719783389,2,Very Large (51-100),2001-center-st
31,2712 TELEGRAPH Ave,054 171400501,,57.0,57.0,0.0,2025.0,ZP2025-0105,"Modification of Use Permit ZP2022-0179 for the demolition of two existing two-story commercial structures & construction, with the state of California density bonus, of a new 6-story residential building, with 50 residential units, 6 ADUs, 1 live-work unit, a ground level lobby, and 1 parking space.",Under Review,37.86100751672245,-122.25934930814802,1,Very Large (51-100),2712-telegraph-ave
32,1740 SAN PABLO Ave,058 212701403,,54.0,54.0,0.0,2023.0,PLN2023-0065,"SB 35 Preliminary Development Application (Modification): Demolition of existing 1 story commercial structure.  Construction of a 6-story, 54 units, Mixed-Use Residential building with 100% affordable housing, processing under SB-35 and State Density Bonus for additional height of 33"" and no density limit.",Under Review,37.87189306747787,-122.29344912366952,1,Very Large (51-100),1740-san-pablo-ave
33,130 BERKELEY Sq,57-2032-17,,50.0,50.0,0.0,2021.0,ZP2021-0158,50 unit multi-family mixed-use project,In Review,37.870858,-122.267959,1,Large (21-50),130-berkeley-sq
34,2680 BANCROFT Way,055 187100103,,37.0,37.0,0.0,2023.0,ZP2023-0096,"Conversion of the Bancroft Hotel (17,466 SF) into a residential building, with 15 dwelling units and 22 Group Living Accommodation rooms for a total of 37 units.  This project will retain & rehabilitate the original facades of the historic building.",Incomplete Pending Applicant,37.86897721110546,-122.25493601002294,1,Large (21-50),2680-bancroft-way
35,2190 SHATTUCK Ave,057 202600405,,36.0,36.0,0.0,2025.0,ZP2025-0101,"Use Permit Modification (SB330 PLN2025-0082). To modify Use Permit ZP2016-0117, an approved 25-story mixed-use (residential and commercial) building by increasing the State Density Bonus level from 25 to 34 stories",Under Review,37.86948860426455,-122.26864608441446,1,Large (21-50),2190-shattuck-ave
36,2733 SAN PABLO Ave,054 174203200,,32.0,32.0,0.0,2023.0,ZP2023-0090,Demolition of existing non-landmarked structures. Construction of a new 8-story mixed-use residential development with ground level lobbies and commercial spaces with a State of California Density.,In Review,37.85634825542909,-122.28761614513743,1,Large (21-50),2733-san-pablo-ave
37,2614 TELEGRAPH Ave,055 183600800,,31.0,32.0,1.0,2024.0,ZP2024-0027,"SB-330 Mixed-Use Housing Development Project. Use Permit to merge two parcels, demolish a single-family dwelling (2614 Telegraph) and a commercial office (2417 Carleton), and construct a 38,000 square-foot, 5-story (57-foot) mixed-use building with 32 dwelling units (3 Very Low-Income, 2 Low-Income), and 605 sq. ft. of commercial space, using a State Density Bonus.",Corrections Pending Applicant,37.86268272962413,-122.25913983449848,1,Large (21-50),2614-telegraph-ave
38,2449 DWIGHT Way,055 188100400,,27.0,51.0,24.0,2022.0,ZP2022-0021,"Renovation of existing 4-story 27,456 square foot, mixed-use building, and add 4 additional stories of residential dwelling units, resulting in an 8-story, 56,217 square foot, mixed-use building, containing 51 residential dwelling units (24 replacement units, plus 27 new dwelling units including 2 Very Low Income units), a 3,600 square-foot ground-floor commercial space.",In Review,37.86530920217209,-122.25876941598769,1,Large (21-50),2449-dwight-way
39,1790 UNIVERSITY Ave,056 201102800,,17.0,17.0,0.0,2023.0,ZP2023-0070,"Demolish two nonresidential structures and one single-family residence, and construct a 5-story (56 feet) mixed-use building with 17 dwelling units (two VLI) and 950 square feet of ground-floor retail, utilizing State Density Bonus",Under Review,37.870939186310096,-122.27560444807996,1,Medium (6-20),1790-university-ave
40,1710 UNIVERSITY Ave,056 201102000,,16.0,16.0,0.0,2021.0,ZP2021-0127,"Demolish existing commercial building. Construct 4-story, mixed-use building for non-profit religious education and living spaces",Incomplete Pending Applicant,37.87074957709555,-122.27712191190231,1,Medium (6-20),1710-university-ave
41,2147 SAN PABLO Ave,056 198304201,,15.0,141.0,128.0,2024.0,ZP2024-0096,"Use Permit Modification to modify approved Use Permit #ZP2022-0113, to increase the number of Group Living Accommodation (GLA) units from 128 to 141, increase the height from 70 feet to 75 feet, reduce the ground-level commercial space from 1,873 square feet to 1,804 square feet, remove the 14 parking spaces, and increase the number of Very Low Income (VLI) units from 12 to 15, utilizing a State Density Bonus.",Pending Final Action,37.867047132190656,-122.29108188862271,1,Medium (6-20),2147-san-pablo-ave
42,1740 UNIVERSITY Ave,056 201102200,,12.0,12.0,0.0,2025.0,ZP2025-0079,"Use Permit with Public Hearing to convert an existing 12,503 SF, 31 feet in maximum height two story commercial building into a mixed-use building with 12 residential apartments and 3 ground floor retail tenant spaces with a proposed total gross area of 9,666 square feet",Corrections Pending Applicant,37.87075586989641,-122.2766144338354,1,Medium (6-20),1740-university-ave
43,1015 UNIVERSITY Ave,057 208801200,,9.0,9.0,0.0,2022.0,ZP2022-0120,Legalize nine residential dwelling units and ground floor commercial space.,Incomplete Pending Applicant,37.86918327203636,-122.29313416355114,1,Medium (6-20),1015-university-ave
44,2428 MILVIA St,055 189800100,,8.0,14.0,6.0,2024.0,PLN2024-0025,"SB-330 pre-application, the project proposes to demolish the existing buildings with six units, and to relocate landmarked ""Broad Buildings"" (from 2030-32 Bancroft) to this site, preserve exteriors and create eight new units.",Under Review,37.864352295468784,-122.27008426562476,1,Medium (6-20),2428-milvia-st
45,2200 FIFTH St,056 195800301,,8.0,8.0,0.0,2025.0,ZP2025-0085,"Use Permit with Public Hearing to construct a total of eight three story townhouses 34 feet tall with a gross floor area of 19,064 square feet and 45 feet tall two-unit Research & Development, 3 story building with a gross floor area of 4,956 square feet with 10 proposed off-street shared parking spaces on a split zoned MUR and MU-LI site that is an existing parking lot.",In Review,37.86468278837405,-122.29819481731433,1,Medium (6-20),2200-fifth-st
46,1745 CEDAR St,059 227501600,,6.0,6.0,0.0,2025.0,PLN2025-0040,"The project is the construction of a new 3-story (35'-0""), 6-unit housing development with 8,976 sf of
new residential use and 6 parking spots. Project includes removal of an existing non-landmarked
commercial structure and surface parking.",Under Review,37.877760424522904,-122.27612903096824,1,Medium (6-20),1745-cedar-st
47,1850 BERRYMAN St,60-2447-36,,6.0,6.0,0.0,2025.0,"ZP2023-0063, PLN2025-0050, PLN2025-0052","Preliminary application for the construction of a new 3-story residential development with 7,272 sf of new residential use, 6 dwelling units and ground level parking, in compliance with state of California SB-684 - Subdivision Homeownership project.",Under Review,37.883008,-122.274763,3,Medium (6-20),1850-berryman-st
48,2317 CHANNING Way,055 188400600,,5.0,22.0,17.0,2024.0,PLN2024-0018,"The proposed project is a modification to approved UPPH - ZP2020-0090.  The modification includes raising the building out of the ground, increasing the max building height from 45' to 50', increasing the gross square footage from 15,695 sf to 17,033 sf, and increasing the unit count from 17 to 22 units to meet the new R-SMU requirements for minimum unit count.",Under Review,37.866685538738,-122.26258050690248,1,Small (1-5),2317-channing-way
49,1618 SIXTH St,057 211700402,,4.0,4.0,0.0,2025.0,PLN2025-0068,"The project proposes the construction of (2) Type V-B, fully-sprinklered, (3) story, single family homes on the front of a 50’X130’ lot in the MU-R district and (2) Type V-B, fully sprinklered, (2) story, single-family homes within an existing warehouse footprint on the rear of the lot. The resultant project will be (4) new single family homes.",Under Review,37.8733361034196,-122.2997586207306,1,Small (1-5),1618-sixth-st
50,2420 ASHBY Ave,052 157307802,,4.0,4.0,0.0,2024.0,ZP2024-0147,"Use Permit to convert a nonconforming medical office use to a multifamily residential use by reconfiguring interior space to create 4 dwelling units, establish 5 off street parking spaces, and create new window openings within a nonconforming side setback on a site located within the Environmental Management Area",Under Review,37.85598198929716,-122.25863499029197,1,Small (1-5),2420-ashby-ave
51,2942 COLLEGE Ave,052 156800900,,4.0,4.0,0.0,2021.0,ZP2021-0072,"demolish and existing non-residential building and construct a new two-story mixed-use development containing 1,296 sq.ft. of ground floor commercial space and 3,278 sq.ft. of residential space, including four dwelling units, in two seperate buildings.",In Review,37.857443359739634,-122.25346690790224,1,Small (1-5),2942-college-ave
52,2437 WARRING St,055 186501401,,4.0,4.0,0.0,2025.0,PLN2025-0031,"Pre-application request for an interdepartmental meeting to discuss a proposed addition of square footage, stories and units to a multi-family building with an additional 2 stories using variances.",Under Review,37.86659549787281,-122.2502747589132,1,Small (1-5),2437-warring-st
53,2641 COLLEGE Ave,055 184801800,,3.0,5.0,2.0,2025.0,PLN2025-0061,"Demolish the existing garage in the rear of the lot and utilize SB 684/SB 1123 to subdivide the existing 5,400 square-feet R2A lot (APN# 055 184801800) into one 2,994 square-feet lot in the front with an existing duplex building, and one new 2,406 square-feet lot in the rear and construct a new 3,310 square feet, three-story (39 feet) residential building including three units.",Under Review,37.86248777798028,-122.2532388705674,1,Small (1-5),2641-college-ave
54,2205 BLAKE St,055 183001400,,3.0,3.0,0.0,2024.0,PLN2024-0001,"Pre-application meeting for a proposal of a new 3-story duplex and new 371 sq ft residential unit at the rear of the sit at 2201/2205 Blake Street.  The existing property contains two landmarked Victorian homes.  Owner intends to subdivide the lot into two parcels, and wants to discuss methodology for lot split.",Under Review,37.86364315221662,-122.264826999392,1,Small (1-5),2205-blake-st
55,2221 FIFTH St,056 196301503,,3.0,3.0,0.0,2022.0,ZP2022-0106,"To establish three detached dwelling units, totaling 6,790 square feet, on 5,640 square foot vacant lot.",In Review,37.864346138994605,-122.29734734038708,1,Small (1-5),2221-fifth-st
56,1650 FIFTH St,057 211602200,,3.0,4.0,1.0,2025.0,PLN2025-0041,"SB 684 pre-application to determine eligibility to subdivide an existing lot into four lots and construct three detached single-family houses and renovate an existing 1,618 single-family residence in the MU-R zoning district.",Under Review,37.87224667983113,-122.30062613188532,1,Small (1-5),1650-fifth-st
57,3101 SACRAMENTO St,052 154201700,,3.0,3.0,0.0,2025.0,ZP2025-0069,"Create a first-floor building shell for a future tenant. Remove (e) partial second floor framing (1st floor ceiling frame), fire-damaged framing, and replace in-kind. Remove all interior partitions, doors, electrical components, and plumbing. Install (n) accessible all gender toilets. Accessible upgrade exterior stairs to the 2nd floor. Infill exterior CMU opening. Replace two entries in the storefront system. Extend the scope of work to the second floor - create three living space units. Propose 3 living units on second floor with MEP. Change of use - occupancy: First floor - original M-mercantile (no documents) to B-Business. Second floor - original business (no documents) to R-2 (3 units). Install a 2nd exit, 1-hr rated stairwell (104 sq. ft.) on the south side of the building, per Table 1006.3.4(2).",Under Review,37.85135359536251,-122.2782664913384,1,Small (1-5),3101-sacramento-st
58,1449 CORNELL Ave,060 239205100,,3.0,3.0,0.0,2025.0,PLN2025-0046,"The proposed project is to demolish an existing church building and drive aisle and utilizing SB684, subdivide the 8,147 square-foot lots (total for APN#60-2392-50 & APN#60-2392-51) into three separate lots (2,740, 2,667, 2,740 sq. ft.) and construct one new,1,865 sq. ft. (1,750 net habitable sq. ft.), 2-story, single-family dwelling on each lot. Each unit will include 4 bedrooms and 3 bathrooms, one off-street parking space and 763-813 sq. ft. of usable open space",Under Review,37.87758018681299,-122.29188859371416,1,Small (1-5),1449-cornell-ave
59,1514 WALNUT St,059 226000500,,3.0,5.0,2.0,2025.0,PLN2025-0075,"Proposed subdivision of existing 4,770 SF R2A lot into one 2,600 SF lot, which contains an
existing duplex building. Propose new three story three unit residential building on new
2,170 SF subdivided lot utilizing SB 684/SB 1123. Gross area of the new building is
3,292SF.",Under Review,37.87969317878099,-122.2684464140796,1,Small (1-5),1514-walnut-st
60,1464 SIXTH St,059 232601100,,3.0,6.0,3.0,2025.0,"PLN2025-0017, PLN2025-0037","SB 35 Preliminary Development Application to add three dwelling units to the second floor of an existing mixed-use residential building, and make all six dwellings permanently affordable.",Under Review,37.87534021260611,-122.30040498822191,2,Small (1-5),1464-sixth-st
61,2812 EIGHTH St,053 165800503,,3.0,4.0,1.0,2025.0,"PLN2025-0058, PLN2025-0089","Demolish unoccupied single-family residence and a garden shed and construct 4 residential units in 3 separate buildings, each 3 stories. There is a total square footage of 8,172sf, including the garages, in all 4 units. The height of the buildings are 35’ at the peak of the pitched roofs. Each unit has a dedicated open space on the ground floor exceeding the zoning requirement.",Under Review,37.854976338255966,-122.29152998984598,2,Small (1-5),2812-eighth-st
62,2201 BLAKE St,055 183001400,,3.0,7.0,4.0,2024.0,PLN2024-0013,"SB 330 Pre-App which includes a project scope of: (1)the construction of three units for a total of seven units on a landmarked lot -- Construction of a three story - 3,551 SF duplex, relocation of an existing 371 SF accessory building and conversion to one residential unit; and retaining of four existing residential units in two landmarked buildings; and (2) three new proposed parking spaces (2 car garage and one surface space)",Approved,37.86364315221662,-122.264826999392,1,Small (1-5),2201-blake-st
63,1716 SEVENTH St,058 211900900,,2.0,2.0,0.0,2025.0,PLN2025-0060,SB 684 Eligibility Review: Create two-lot subdivsion and two-unit housing development,Under Review,37.87183254077922,-122.2981143120952,1,Small (1-5),1716-seventh-st
64,1515 DERBY St,054 180201400,,2.0,4.0,2.0,2025.0,PLN2025-0064,SB 684 pre-application to determine eligibility for 2 new single family homes on separate fee simple lots. Existing single family home and ADU will remain at front of existing lot.,Under Review,37.85906158251609,-122.2795147651044,1,Small (1-5),1515-derby-st
65,1922 FRANCISCO St,058 216902900,,2.0,2.0,0.0,2025.0,PLN2025-0073,"Storage building removed, two new 1,653s.f. 3-story units with SB684 Lot Split, so each new house will be on separate lot and existing house will be on its own lot. No new parking proposed. Max height 31'-2"", Max Avg Height 28'.",Under Review,37.874979870264376,-122.27222721380303,1,Small (1-5),1922-francisco-st
66,2204 DWIGHT Way,055 183001600,,2.0,2.0,0.0,2024.0,ZP2024-0059,SB330. Demolish existing 1-story (4-car) garage and construct a new 3-story residential duplex.,Pending Final Action,37.864014244633104,-122.26486524336856,1,Small (1-5),2204-dwight-way
67,1419 GRANT St,059 227303000,,2.0,2.0,0.0,2025.0,"PLN2025-0065, PLN2025-0091","Utilizing Senate Bills SB 330 and SB 684, this project proposes to subdivide an existing 5,389-square-foot R-2 zoned lot into: 

1)  A 3,249-square-foot front lot containing an existing 3,483 square-foot, two-story (X- feet tall) single-family dwelling; and

2) A 2,140-square-foot rear lot containing a new 1,655-square-foot (GFA), two-story single-family dwelling (23 feet to T.O shed roof)",Pending,37.88042822672098,-122.27593470111776,2,Small (1-5),1419-grant-st
68,1236 DWIGHT Way,054 178202900,,2.0,3.0,1.0,2025.0,PLN2025-0081,"Demolish existing single-family home, subdivide the existing single-family lot into three parcels, and develop three new single-family homes.",Pending,37.861371781292114,-122.2857268632291,1,Small (1-5),1236-dwight-way
69,2808 NINTH St,053 165900900,,2.0,3.0,1.0,2025.0,PLN2025-0083,"Middle Housing project to demolish an inhabitable single-family home and construct a two-story duplex with a detached two-story garage with a living unit, for a total of three living units.",Under Review,37.85528776387431,-122.29048156428124,1,Small (1-5),2808-ninth-st
70,3001 BENVENUE Ave,052 156200100,,1.0,2.0,1.0,2025.0,ZP2025-0068,"Administrative Use Permit #ZP2025-0068 to raise an existing approximate 1,860 square-foot, 18 feet, 10 inches in average height, two-story residential dwelling to approximately 21 feet, 4 inches in height resulting in a three-story, single-family dwelling with a basement converted 700 square foot accessory dwelling unit.",Corrections Pending Applicant,37.85584052170821,-122.25370441887011,1,Small (1-5),3001-benvenue-ave
71,40 HILL Rd,063 316100200,,1.0,1.0,0.0,2020.0,ZP2020-0006,New Single Family Dwelling on new parcel at 36 Hill Road,Incomplete Pending Applicant,37.88932954629859,-122.25132555603028,1,Small (1-5),40-hill-rd
72,5 W PARNASSUS Ct,,,1.0,1.0,,2025.0,PLN2025-0048,Zoning Research Letter: Remove the prior ADU deed restriction with incorrect building permit and replace with current deed restriction. NOL RESCISSION. Related to B2025-01579.,Under Review,37.88118584682211,-122.25402087517573,1,Small (1-5),5-w-parnassus-ct
73,1463 LE ROY Ave,58-2244-25-1,,1.0,1.0,0.0,2024.0,PLN2024-0024,SB 9 Preliminary Eligibility Determination to construct a three-story single family residence with an attached 2 car garage.,Under Review,37.88244319628406,-122.26043399864719,1,Small (1-5),0-le-roy-ave
74,2328 GRANT St,055 190501200,,1.0,1.0,0.0,2024.0,PLN2024-0062,"Payment of the City Arborist fees for the Building Permit B2024-01452 to install an 800 SF, HUD-Approved Manufactured Accessory Dwelling Unit (ADU) on a permanent foundation.",Under Review,37.86581937973142,-122.27502629326142,1,Small (1-5),2328-grant-st
75,1939 MARIN Ave,061 257401300,,1.0,1.0,0.0,2024.0,PLN2024-0061,Payment of the City Arborist fees for the Building Permit B2024-02225 to add new detached Accessory Dwelling Unit and upgrade Main Electrical Service to 225 Amps.,Under Review,37.88963351679258,-122.27483822017692,1,Small (1-5),1939-marin-ave
76,1731 ADDISON St,056 201100800,,1.0,1.0,0.0,2025.0,ZP2025-0095,"Construct a detached 265 square foot cottage including 1 bedroom/1 bathroom (maximum height 13'-1""). Remove existing 170 square foot garage. Construct a new 200 square foot garage (maximum height 10'-9"").",Resubmittal Pending Staff,37.87044602079257,-122.27604574097172,1,Small (1-5),1731-addison-st
77,1420 FIFTH St,059 233801000,,1.0,1.0,,2025.0,ZP2025-0021,Administrative Use Permit to allocate the existing Accessory Dwelling Unit to a Single-Family Home and construct a 592 square foot residential addition approximately 22 feet tall,Pending Final Action,37.87654884158006,-122.3019522159246,1,Small (1-5),1420-fifth-st
78,1139 KEELER Ave,063 298405300,,1.0,1.0,0.0,2022.0,ZP2022-0172,"Construction of a three-story single-family residence with an attached ADU in the Hillside Overlay.  The project includes the construction of a detached partially subterranean garage, the installation of a tram system in the side setback, and retaining walls within the same setback as the tram.",Under Review,37.889705788142784,-122.25757558461952,1,Small (1-5),1139-keeler-ave
79,1111 ALLSTON Way,056 198301100,,1.0,1.0,0.0,2025.0,PLN2025-0013,One new dwelling unit (approved with UPPH that will not be exercised) and subdivision pursuant to SB 684. One Unit and Subdivision,Under Review,37.866741329596245,-122.29058415098838,1,Small (1-5),1111-allston-way
80,659 GRIZZLY PEAK Blvd,063 296505601,,1.0,1.0,,2025.0,ZP2025-0093,Remodel existing two story one bedroom house of 986 sq. ft. with a basement garage into a two story three-bedroom house of 1610 sq. ft. with a basement garage. Add a 440 sq. ft. one bedroom ADU to the rear of the house.,Incomplete Pending Applicant,37.90012505764361,-122.26546218375634,1,Small (1-5),659-grizzly-peak-blvd
81,1522 JOSEPHINE St,059 227200900,,0.0,1.0,1.0,2025.0,ZP2025-0014,"Use Permit with Public Hearing to demolish a Single-Family Residence and construct a new 2,100 square feet two-story 28 feet tall Single-Family Residence",Corrections Pending Applicant,37.878537408137376,-122.27524659789832,1,,1522-josephine-st
82,3035 COLBY St,052 157405200,,0.0,2.0,2.0,2024.0,ZP2024-0112,"Demolition of an existing two-unit building; construction of a new two-unit building with an average height of 23'3"".",Approved,37.85409909022599,-122.25726526879114,1,,3035-colby-st
83,1136 KEITH Ave,063 298803800,,0.0,1.0,1.0,2024.0,PLN2024-0047,"Pre-application to demolish the existing single-family dwelling and rebuild a new single-family dwelling, pursuant to Senate Bill (SB) 9. The proposal also includes a nonconforming addition that was approved under Administrative Use Permit (AUP) ZP#2024-0147.",Under Review,37.88848998632346,-122.26052122062327,1,,1136-keith-ave
84,2705 BENVENUE Ave,054 170902800,,-1.0,1.0,2.0,2025.0,ZP2025-0086,"Use Permit with Public Hearing to combine 2703 Benvenue Avenue Units A, B, and 2705 Benvenue Avenue using Berkeley Municipal Code, Title 23, Code Section23.326.040—Eliminating Dwelling Units through
Combination with Other Units, to create a single-family dwelling.",Incomplete Pending Applicant,37.861451091698434,-122.25443995223824,1,,2705-benvenue-ave
